iso_code;continent;location;date;total_cases;new_cases;new_cases_smoothed
IDN;Asia;Indonesia;02/03/2020;2;2;
IDN;Asia;Indonesia;03/03/2020;2;0;
IDN;Asia;Indonesia;04/03/2020;2;0;
IDN;Asia;Indonesia;05/03/2020;2;0;
IDN;Asia;Indonesia;06/03/2020;4;2;
IDN;Asia;Indonesia;07/03/2020;4;0;0.571
IDN;Asia;Indonesia;08/03/2020;6;2;0.857
IDN;Asia;Indonesia;09/03/2020;19;13;2.429
IDN;Asia;Indonesia;10/03/2020;27;8;3.571
IDN;Asia;Indonesia;11/03/2020;34;7;4.571
IDN;Asia;Indonesia;12/03/2020;34;0;4.571
IDN;Asia;Indonesia;13/03/2020;69;35;9.286
IDN;Asia;Indonesia;14/03/2020;96;27;13.143
IDN;Asia;Indonesia;15/03/2020;117;21;15.857
IDN;Asia;Indonesia;16/03/2020;134;17;16.429
IDN;Asia;Indonesia;17/03/2020;172;38;20.714
IDN;Asia;Indonesia;18/03/2020;227;55;27.571
IDN;Asia;Indonesia;19/03/2020;311;84;39.571
IDN;Asia;Indonesia;20/03/2020;369;58;42.857
IDN;Asia;Indonesia;21/03/2020;450;81;50.571
IDN;Asia;Indonesia;22/03/2020;514;64;56.714
IDN;Asia;Indonesia;23/03/2020;579;65;63.571
IDN;Asia;Indonesia;24/03/2020;686;107;73.429
IDN;Asia;Indonesia;25/03/2020;790;104;80.429
IDN;Asia;Indonesia;26/03/2020;893;103;83.143
IDN;Asia;Indonesia;27/03/2020;1046;153;96.714
IDN;Asia;Indonesia;28/03/2020;1155;109;100.714
IDN;Asia;Indonesia;29/03/2020;1285;130;110.143
IDN;Asia;Indonesia;30/03/2020;1414;129;119.286
IDN;Asia;Indonesia;31/03/2020;1528;114;120.286
IDN;Asia;Indonesia;01/04/2020;1677;149;126.714
IDN;Asia;Indonesia;02/04/2020;1790;113;128.143
IDN;Asia;Indonesia;03/04/2020;1986;196;134.286
IDN;Asia;Indonesia;04/04/2020;2092;106;133.857
IDN;Asia;Indonesia;05/04/2020;2273;181;141.143
IDN;Asia;Indonesia;06/04/2020;2491;218;153.857
IDN;Asia;Indonesia;07/04/2020;2738;247;172.857
IDN;Asia;Indonesia;08/04/2020;2956;218;182.714
IDN;Asia;Indonesia;09/04/2020;3293;337;214.714
IDN;Asia;Indonesia;10/04/2020;3512;219;218
IDN;Asia;Indonesia;11/04/2020;3842;330;250
IDN;Asia;Indonesia;12/04/2020;4241;399;281.143
IDN;Asia;Indonesia;13/04/2020;4557;316;295.143
IDN;Asia;Indonesia;14/04/2020;4839;282;300.143
IDN;Asia;Indonesia;15/04/2020;5136;297;311.429
IDN;Asia;Indonesia;16/04/2020;5516;380;317.571
IDN;Asia;Indonesia;17/04/2020;5923;407;344.429
IDN;Asia;Indonesia;18/04/2020;6248;325;343.714
IDN;Asia;Indonesia;19/04/2020;6575;327;333.429
IDN;Asia;Indonesia;20/04/2020;6760;185;314.714
IDN;Asia;Indonesia;21/04/2020;7135;375;328
IDN;Asia;Indonesia;22/04/2020;7418;283;326
IDN;Asia;Indonesia;23/04/2020;7775;357;322.714
IDN;Asia;Indonesia;24/04/2020;8211;436;326.857
IDN;Asia;Indonesia;25/04/2020;8607;396;337
IDN;Asia;Indonesia;26/04/2020;8882;275;329.571
IDN;Asia;Indonesia;27/04/2020;9096;214;333.714
IDN;Asia;Indonesia;28/04/2020;9511;415;339.429
IDN;Asia;Indonesia;29/04/2020;9771;260;336.143
IDN;Asia;Indonesia;30/04/2020;10118;347;334.714
IDN;Asia;Indonesia;01/05/2020;10551;433;334.286
IDN;Asia;Indonesia;02/05/2020;10843;292;319.429
IDN;Asia;Indonesia;03/05/2020;11192;349;330
IDN;Asia;Indonesia;04/05/2020;11587;395;355.857
IDN;Asia;Indonesia;05/05/2020;12071;484;365.714
IDN;Asia;Indonesia;06/05/2020;12438;367;381
IDN;Asia;Indonesia;07/05/2020;12776;338;379.714
IDN;Asia;Indonesia;08/05/2020;13112;336;365.857
IDN;Asia;Indonesia;09/05/2020;13645;533;400.286
IDN;Asia;Indonesia;10/05/2020;14032;387;405.714
IDN;Asia;Indonesia;11/05/2020;14265;233;382.571
IDN;Asia;Indonesia;12/05/2020;14749;484;382.571
IDN;Asia;Indonesia;13/05/2020;15438;689;428.571
IDN;Asia;Indonesia;14/05/2020;16006;568;461.429
IDN;Asia;Indonesia;15/05/2020;16496;490;483.429
IDN;Asia;Indonesia;16/05/2020;17025;529;482.857
IDN;Asia;Indonesia;17/05/2020;17514;489;497.429
IDN;Asia;Indonesia;18/05/2020;18010;496;535
IDN;Asia;Indonesia;19/05/2020;18496;486;535.286
IDN;Asia;Indonesia;20/05/2020;19189;693;535.857
IDN;Asia;Indonesia;21/05/2020;20162;973;593.714
IDN;Asia;Indonesia;22/05/2020;20796;634;614.286
IDN;Asia;Indonesia;23/05/2020;21745;949;674.286
IDN;Asia;Indonesia;24/05/2020;22271;526;679.571
IDN;Asia;Indonesia;25/05/2020;22750;479;677.143
IDN;Asia;Indonesia;26/05/2020;23165;415;667
IDN;Asia;Indonesia;27/05/2020;23851;686;666
IDN;Asia;Indonesia;28/05/2020;24538;687;625.143
IDN;Asia;Indonesia;29/05/2020;25216;678;631.429
IDN;Asia;Indonesia;30/05/2020;25773;557;575.429
IDN;Asia;Indonesia;31/05/2020;26473;700;600.286
IDN;Asia;Indonesia;01/06/2020;26940;467;598.571
IDN;Asia;Indonesia;02/06/2020;27549;609;626.286
IDN;Asia;Indonesia;03/06/2020;28233;684;626
IDN;Asia;Indonesia;04/06/2020;28818;585;611.429
IDN;Asia;Indonesia;05/06/2020;29521;703;615
IDN;Asia;Indonesia;06/06/2020;30514;993;677.286
IDN;Asia;Indonesia;07/06/2020;31186;672;673.286
IDN;Asia;Indonesia;08/06/2020;32033;847;727.571
IDN;Asia;Indonesia;09/06/2020;33076;1043;789.571
IDN;Asia;Indonesia;10/06/2020;34316;1240;869
IDN;Asia;Indonesia;11/06/2020;35295;979;925.286
IDN;Asia;Indonesia;12/06/2020;36406;1111;983.571
IDN;Asia;Indonesia;13/06/2020;37420;1014;986.571
IDN;Asia;Indonesia;14/06/2020;38277;857;1013
IDN;Asia;Indonesia;15/06/2020;39294;1017;1037.286
IDN;Asia;Indonesia;16/06/2020;40400;1106;1046.286
IDN;Asia;Indonesia;17/06/2020;41431;1031;1016.429
IDN;Asia;Indonesia;18/06/2020;42762;1331;1066.714
IDN;Asia;Indonesia;19/06/2020;43803;1041;1056.714
IDN;Asia;Indonesia;20/06/2020;45029;1226;1087
IDN;Asia;Indonesia;21/06/2020;45891;862;1087.714
IDN;Asia;Indonesia;22/06/2020;46845;954;1078.714
IDN;Asia;Indonesia;23/06/2020;47896;1051;1070.857
IDN;Asia;Indonesia;24/06/2020;49009;1113;1082.571
IDN;Asia;Indonesia;25/06/2020;50187;1178;1060.714
IDN;Asia;Indonesia;26/06/2020;51427;1240;1089.143
IDN;Asia;Indonesia;27/06/2020;52812;1385;1111.857
IDN;Asia;Indonesia;28/06/2020;54010;1198;1159.857
IDN;Asia;Indonesia;29/06/2020;55092;1082;1178.143
IDN;Asia;Indonesia;30/06/2020;56385;1293;1212.714
IDN;Asia;Indonesia;01/07/2020;57770;1385;1251.571
IDN;Asia;Indonesia;02/07/2020;59394;1624;1315.286
IDN;Asia;Indonesia;03/07/2020;60695;1301;1324
IDN;Asia;Indonesia;04/07/2020;62142;1447;1332.857
IDN;Asia;Indonesia;05/07/2020;63749;1607;1391.286
IDN;Asia;Indonesia;06/07/2020;64958;1209;1409.429
IDN;Asia;Indonesia;07/07/2020;66226;1268;1405.857
IDN;Asia;Indonesia;08/07/2020;68079;1853;1472.714
IDN;Asia;Indonesia;09/07/2020;70736;2657;1620.286
IDN;Asia;Indonesia;10/07/2020;72347;1611;1664.571
IDN;Asia;Indonesia;11/07/2020;74018;1671;1696.571
IDN;Asia;Indonesia;12/07/2020;75699;1681;1707.143
IDN;Asia;Indonesia;13/07/2020;76981;1282;1717.571
IDN;Asia;Indonesia;14/07/2020;78572;1591;1763.714
IDN;Asia;Indonesia;15/07/2020;80094;1522;1716.429
IDN;Asia;Indonesia;16/07/2020;81668;1574;1561.714
IDN;Asia;Indonesia;17/07/2020;83130;1462;1540.429
IDN;Asia;Indonesia;18/07/2020;84882;1752;1552
IDN;Asia;Indonesia;19/07/2020;86521;1639;1546
IDN;Asia;Indonesia;20/07/2020;88214;1693;1604.714
IDN;Asia;Indonesia;21/07/2020;89869;1655;1613.857
IDN;Asia;Indonesia;22/07/2020;91751;1882;1665.286
IDN;Asia;Indonesia;23/07/2020;93657;1906;1712.714
IDN;Asia;Indonesia;24/07/2020;95418;1761;1755.429
IDN;Asia;Indonesia;25/07/2020;97286;1868;1772
IDN;Asia;Indonesia;26/07/2020;98778;1492;1751
IDN;Asia;Indonesia;27/07/2020;100303;1525;1727
IDN;Asia;Indonesia;28/07/2020;102051;1748;1740.286
IDN;Asia;Indonesia;29/07/2020;104432;2381;1811.571
IDN;Asia;Indonesia;30/07/2020;106336;1904;1811.286
IDN;Asia;Indonesia;31/07/2020;108376;2040;1851.143
IDN;Asia;Indonesia;01/08/2020;109936;1560;1807.143
IDN;Asia;Indonesia;02/08/2020;111455;1519;1811
IDN;Asia;Indonesia;03/08/2020;113134;1679;1833
IDN;Asia;Indonesia;04/08/2020;115056;1922;1857.857
IDN;Asia;Indonesia;05/08/2020;116871;1815;1777
IDN;Asia;Indonesia;06/08/2020;118753;1882;1773.857
IDN;Asia;Indonesia;07/08/2020;121226;2473;1835.714
IDN;Asia;Indonesia;08/08/2020;123503;2277;1938.143
IDN;Asia;Indonesia;09/08/2020;125396;1893;1991.571
IDN;Asia;Indonesia;10/08/2020;127083;1687;1992.714
IDN;Asia;Indonesia;11/08/2020;128776;1693;1960
IDN;Asia;Indonesia;12/08/2020;130718;1942;1978.143
IDN;Asia;Indonesia;13/08/2020;132816;2098;2009
IDN;Asia;Indonesia;14/08/2020;135123;2307;1985.286
IDN;Asia;Indonesia;15/08/2020;137468;2345;1995
IDN;Asia;Indonesia;16/08/2020;139549;2081;2021.857
IDN;Asia;Indonesia;17/08/2020;141370;1821;2041
IDN;Asia;Indonesia;18/08/2020;143043;1673;2038.143
IDN;Asia;Indonesia;19/08/2020;144945;1902;2032.429
IDN;Asia;Indonesia;20/08/2020;147211;2266;2056.429
IDN;Asia;Indonesia;21/08/2020;149408;2197;2040.714
IDN;Asia;Indonesia;22/08/2020;151498;2090;2004.286
IDN;Asia;Indonesia;23/08/2020;153535;2037;1998
IDN;Asia;Indonesia;24/08/2020;155412;1877;2006
IDN;Asia;Indonesia;25/08/2020;157859;2447;2116.571
IDN;Asia;Indonesia;26/08/2020;160165;2306;2174.286
IDN;Asia;Indonesia;27/08/2020;162884;2719;2239
IDN;Asia;Indonesia;28/08/2020;165887;3003;2354.143
IDN;Asia;Indonesia;29/08/2020;169195;3308;2528.143
IDN;Asia;Indonesia;30/08/2020;172053;2858;2645.429
IDN;Asia;Indonesia;31/08/2020;174796;2743;2769.143
IDN;Asia;Indonesia;01/09/2020;177571;2775;2816
IDN;Asia;Indonesia;02/09/2020;180646;3075;2925.857
IDN;Asia;Indonesia;03/09/2020;184268;3622;3054.857
IDN;Asia;Indonesia;04/09/2020;187537;3269;3092.857
IDN;Asia;Indonesia;05/09/2020;190665;3128;3067.143
IDN;Asia;Indonesia;06/09/2020;194109;3444;3150.857
IDN;Asia;Indonesia;07/09/2020;196989;2880;3170.429
IDN;Asia;Indonesia;08/09/2020;200035;3046;3209.143
IDN;Asia;Indonesia;09/09/2020;203342;3307;3242.286
IDN;Asia;Indonesia;10/09/2020;207203;3861;3276.429
IDN;Asia;Indonesia;11/09/2020;210940;3737;3343.286
IDN;Asia;Indonesia;12/09/2020;214746;3806;3440.143
IDN;Asia;Indonesia;13/09/2020;218382;3636;3467.571
IDN;Asia;Indonesia;14/09/2020;221523;3141;3504.857
IDN;Asia;Indonesia;15/09/2020;225030;3507;3570.714
IDN;Asia;Indonesia;16/09/2020;228993;3963;3664.429
IDN;Asia;Indonesia;17/09/2020;232628;3635;3632.143
IDN;Asia;Indonesia;18/09/2020;236519;3891;3654.143
IDN;Asia;Indonesia;19/09/2020;240687;4168;3705.857
IDN;Asia;Indonesia;20/09/2020;244676;3989;3756.286
IDN;Asia;Indonesia;21/09/2020;248852;4176;3904.143
IDN;Asia;Indonesia;22/09/2020;252923;4071;3984.714
IDN;Asia;Indonesia;23/09/2020;257388;4465;4056.429
IDN;Asia;Indonesia;24/09/2020;262022;4634;4199.143
IDN;Asia;Indonesia;25/09/2020;266845;4823;4332.286
IDN;Asia;Indonesia;26/09/2020;271339;4494;4378.857
IDN;Asia;Indonesia;27/09/2020;275213;3874;4362.429
IDN;Asia;Indonesia;28/09/2020;278722;3509;4267.143
IDN;Asia;Indonesia;29/09/2020;282724;4002;4257.286
IDN;Asia;Indonesia;30/09/2020;287008;4284;4231.429
IDN;Asia;Indonesia;01/10/2020;291182;4174;4165.714
IDN;Asia;Indonesia;02/10/2020;295499;4317;4093.429
IDN;Asia;Indonesia;03/10/2020;299506;4007;4023.857
IDN;Asia;Indonesia;04/10/2020;303498;3992;4040.714
IDN;Asia;Indonesia;05/10/2020;307120;3622;4056.857
IDN;Asia;Indonesia;06/10/2020;311176;4056;4064.571
IDN;Asia;Indonesia;07/10/2020;315714;4538;4100.857
IDN;Asia;Indonesia;08/10/2020;320564;4850;4197.429
IDN;Asia;Indonesia;09/10/2020;324658;4094;4165.571
IDN;Asia;Indonesia;10/10/2020;328952;4294;4206.571
IDN;Asia;Indonesia;11/10/2020;333449;4497;4278.714
IDN;Asia;Indonesia;12/10/2020;336716;3267;4228
IDN;Asia;Indonesia;13/10/2020;340622;3906;4206.571
IDN;Asia;Indonesia;14/10/2020;344749;4127;4147.857
IDN;Asia;Indonesia;15/10/2020;349160;4411;4085.143
IDN;Asia;Indonesia;16/10/2020;353461;4301;4114.714
IDN;Asia;Indonesia;17/10/2020;357762;4301;4115.714
IDN;Asia;Indonesia;18/10/2020;361867;4105;4059.714
IDN;Asia;Indonesia;19/10/2020;365240;3373;4074.857
IDN;Asia;Indonesia;20/10/2020;368842;3602;4031.429
IDN;Asia;Indonesia;21/10/2020;373109;4267;4051.429
IDN;Asia;Indonesia;22/10/2020;377541;4432;4054.429
IDN;Asia;Indonesia;23/10/2020;381910;4369;4064.143
IDN;Asia;Indonesia;24/10/2020;385980;4070;4031.143
IDN;Asia;Indonesia;25/10/2020;389712;3732;3977.857
IDN;Asia;Indonesia;26/10/2020;392934;3222;3956.286
IDN;Asia;Indonesia;27/10/2020;396454;3520;3944.571
IDN;Asia;Indonesia;28/10/2020;400483;4029;3910.571
IDN;Asia;Indonesia;29/10/2020;404048;3565;3786.714
IDN;Asia;Indonesia;30/10/2020;406945;2897;3576.429
IDN;Asia;Indonesia;31/10/2020;410088;3143;3444
IDN;Asia;Indonesia;01/11/2020;412784;2696;3296
IDN;Asia;Indonesia;02/11/2020;415402;2618;3209.714
IDN;Asia;Indonesia;03/11/2020;418375;2973;3131.571
IDN;Asia;Indonesia;04/11/2020;421731;3356;3035.429
IDN;Asia;Indonesia;05/11/2020;425796;4065;3106.857
IDN;Asia;Indonesia;06/11/2020;429574;3778;3232.714
IDN;Asia;Indonesia;07/11/2020;433836;4262;3392.571
IDN;Asia;Indonesia;08/11/2020;437716;3880;3561.714
IDN;Asia;Indonesia;09/11/2020;440569;2853;3595.286
IDN;Asia;Indonesia;10/11/2020;444348;3779;3710.429
IDN;Asia;Indonesia;11/11/2020;448118;3770;3769.571
IDN;Asia;Indonesia;12/11/2020;452291;4173;3785
IDN;Asia;Indonesia;13/11/2020;457735;5444;4023
IDN;Asia;Indonesia;14/11/2020;463007;5272;4167.286
IDN;Asia;Indonesia;15/11/2020;467113;4106;4199.571
IDN;Asia;Indonesia;16/11/2020;470648;3535;4297
IDN;Asia;Indonesia;17/11/2020;474455;3807;4301
IDN;Asia;Indonesia;18/11/2020;478720;4265;4371.714
IDN;Asia;Indonesia;19/11/2020;483518;4798;4461
IDN;Asia;Indonesia;20/11/2020;488310;4792;4367.857
IDN;Asia;Indonesia;21/11/2020;493308;4998;4328.714
IDN;Asia;Indonesia;22/11/2020;497668;4360;4365
IDN;Asia;Indonesia;23/11/2020;502110;4442;4494.571
IDN;Asia;Indonesia;24/11/2020;506302;4192;4549.571
IDN;Asia;Indonesia;25/11/2020;511836;5534;4730.857
IDN;Asia;Indonesia;26/11/2020;516753;4917;4747.857
IDN;Asia;Indonesia;27/11/2020;522581;5828;4895.857
IDN;Asia;Indonesia;28/11/2020;527999;5418;4955.857
IDN;Asia;Indonesia;29/11/2020;534266;6267;5228.286
IDN;Asia;Indonesia;30/11/2020;538883;4617;5253.286
IDN;Asia;Indonesia;01/12/2020;543975;5092;5381.857
IDN;Asia;Indonesia;02/12/2020;549508;5533;5381.714
IDN;Asia;Indonesia;03/12/2020;557877;8369;5874.857
IDN;Asia;Indonesia;04/12/2020;563680;5803;5871.286
IDN;Asia;Indonesia;05/12/2020;569707;6027;5958.286
IDN;Asia;Indonesia;06/12/2020;575796;6089;5932.857
IDN;Asia;Indonesia;07/12/2020;581550;5754;6095.286
IDN;Asia;Indonesia;08/12/2020;586842;5292;6123.857
IDN;Asia;Indonesia;09/12/2020;592900;6058;6198.857
IDN;Asia;Indonesia;10/12/2020;598933;6033;5865.143
IDN;Asia;Indonesia;11/12/2020;605243;6310;5937.571
IDN;Asia;Indonesia;12/12/2020;611631;6388;5989.143
IDN;Asia;Indonesia;13/12/2020;617820;6189;6003.429
IDN;Asia;Indonesia;14/12/2020;623309;5489;5965.571
IDN;Asia;Indonesia;15/12/2020;629429;6120;6083.857
IDN;Asia;Indonesia;16/12/2020;636154;6725;6179.143
IDN;Asia;Indonesia;17/12/2020;643508;7354;6367.857
IDN;Asia;Indonesia;18/12/2020;650197;6689;6422
IDN;Asia;Indonesia;19/12/2020;657948;7751;6616.714
IDN;Asia;Indonesia;20/12/2020;664930;6982;6730
IDN;Asia;Indonesia;21/12/2020;671778;6848;6924.143
IDN;Asia;Indonesia;22/12/2020;678125;6347;6956.571
IDN;Asia;Indonesia;23/12/2020;685639;7514;7069.286
IDN;Asia;Indonesia;24/12/2020;692838;7199;7047.143
IDN;Asia;Indonesia;25/12/2020;700097;7259;7128.571
IDN;Asia;Indonesia;26/12/2020;706837;6740;6984.143
IDN;Asia;Indonesia;27/12/2020;713365;6528;6919.286
IDN;Asia;Indonesia;28/12/2020;719219;5854;6777.286
IDN;Asia;Indonesia;29/12/2020;727122;7903;6999.571
IDN;Asia;Indonesia;30/12/2020;735124;8002;7069.286
IDN;Asia;Indonesia;31/12/2020;743198;8074;7194.286
IDN;Asia;Indonesia;01/01/2021;751270;8072;7310.429
IDN;Asia;Indonesia;02/01/2021;758473;7203;7376.571
IDN;Asia;Indonesia;03/01/2021;765350;6877;7426.429
IDN;Asia;Indonesia;04/01/2021;772103;6753;7554.857
IDN;Asia;Indonesia;05/01/2021;779548;7445;7489.429
IDN;Asia;Indonesia;06/01/2021;788402;8854;7611.143
IDN;Asia;Indonesia;07/01/2021;797723;9321;7789.286
IDN;Asia;Indonesia;08/01/2021;808340;10617;8152.857
IDN;Asia;Indonesia;09/01/2021;818386;10046;8559
IDN;Asia;Indonesia;10/01/2021;828026;9640;8953.714
IDN;Asia;Indonesia;11/01/2021;836718;8692;9230.714
IDN;Asia;Indonesia;12/01/2021;846765;10047;9602.429
IDN;Asia;Indonesia;13/01/2021;858043;11278;9948.714
IDN;Asia;Indonesia;14/01/2021;869600;11557;10268.143
IDN;Asia;Indonesia;15/01/2021;882418;12818;10582.571
IDN;Asia;Indonesia;16/01/2021;896642;14224;11179.429
IDN;Asia;Indonesia;17/01/2021;907929;11287;11414.714
IDN;Asia;Indonesia;18/01/2021;917015;9086;11471
IDN;Asia;Indonesia;19/01/2021;927380;10365;11516.429
IDN;Asia;Indonesia;20/01/2021;939948;12568;11700.714
IDN;Asia;Indonesia;21/01/2021;951651;11703;11721.571
IDN;Asia;Indonesia;22/01/2021;965283;13632;11837.857
IDN;Asia;Indonesia;23/01/2021;977474;12191;11547.429
IDN;Asia;Indonesia;24/01/2021;989262;11788;11619
IDN;Asia;Indonesia;25/01/2021;999256;9994;11748.714
IDN;Asia;Indonesia;26/01/2021;1012350;13094;12138.571
IDN;Asia;Indonesia;27/01/2021;1024298;11948;12050
IDN;Asia;Indonesia;28/01/2021;1037993;13695;12334.571
IDN;Asia;Indonesia;29/01/2021;1051795;13802;12358.857
IDN;Asia;Indonesia;30/01/2021;1066313;14518;12691.286
IDN;Asia;Indonesia;31/01/2021;1078314;12001;12721.714
IDN;Asia;Indonesia;01/02/2021;1089308;10994;12864.571
IDN;Asia;Indonesia;02/02/2021;1099687;10379;12476.714
IDN;Asia;Indonesia;03/02/2021;1111671;11984;12481.857
IDN;Asia;Indonesia;04/02/2021;1123105;11434;12158.857
IDN;Asia;Indonesia;05/02/2021;1134854;11749;11865.571
IDN;Asia;Indonesia;06/02/2021;1147010;12156;11528.143
IDN;Asia;Indonesia;07/02/2021;1157837;10827;11360.429
IDN;Asia;Indonesia;08/02/2021;1166079;8242;10967.286
IDN;Asia;Indonesia;09/02/2021;1174779;8700;10727.429
IDN;Asia;Indonesia;10/02/2021;1183555;8776;10269.143
IDN;Asia;Indonesia;11/02/2021;1191990;8435;9840.714
IDN;Asia;Indonesia;12/02/2021;1201859;9869;9572.143
IDN;Asia;Indonesia;13/02/2021;1210703;8844;9099
IDN;Asia;Indonesia;14/02/2021;1217468;6765;8518.714
IDN;Asia;Indonesia;15/02/2021;1223930;6462;8264.429
IDN;Asia;Indonesia;16/02/2021;1233959;10029;8454.286
IDN;Asia;Indonesia;17/02/2021;1243646;9687;8584.429
IDN;Asia;Indonesia;18/02/2021;1252685;9039;8670.714
IDN;Asia;Indonesia;19/02/2021;1263299;10614;8777.143
IDN;Asia;Indonesia;20/02/2021;1271353;8054;8664.286
IDN;Asia;Indonesia;21/02/2021;1278653;7300;8740.714
IDN;Asia;Indonesia;22/02/2021;1288833;10180;9271.857
IDN;Asia;Indonesia;23/02/2021;1298608;9775;9235.571
IDN;Asia;Indonesia;24/02/2021;1306141;7533;8927.857
IDN;Asia;Indonesia;25/02/2021;1314634;8493;8849.857
IDN;Asia;Indonesia;26/02/2021;1322866;8232;8509.571
IDN;Asia;Indonesia;27/02/2021;1329074;6208;8245.857
IDN;Asia;Indonesia;28/02/2021;1334634;5560;7997.286
IDN;Asia;Indonesia;01/03/2021;1341314;6680;7497.286
IDN;Asia;Indonesia;02/03/2021;1347026;5712;6916.857
IDN;Asia;Indonesia;03/03/2021;1353834;6808;6813.286
IDN;Asia;Indonesia;04/03/2021;1361098;7264;6637.714
IDN;Asia;Indonesia;05/03/2021;1368069;6971;6457.571
IDN;Asia;Indonesia;06/03/2021;1373836;5767;6394.571
IDN;Asia;Indonesia;07/03/2021;1379662;5826;6432.571
IDN;Asia;Indonesia;08/03/2021;1386556;6894;6463.143
IDN;Asia;Indonesia;09/03/2021;1392945;6389;6559.857
IDN;Asia;Indonesia;10/03/2021;1398578;5633;6392
IDN;Asia;Indonesia;11/03/2021;1403722;5144;6089.143
IDN;Asia;Indonesia;12/03/2021;1410134;6412;6009.286
IDN;Asia;Indonesia;13/03/2021;1414741;4607;5843.571
IDN;Asia;Indonesia;14/03/2021;1419455;4714;5684.714
IDN;Asia;Indonesia;15/03/2021;1425044;5589;5498.286
IDN;Asia;Indonesia;16/03/2021;1430458;5414;5359
IDN;Asia;Indonesia;17/03/2021;1437283;6825;5529.286
IDN;Asia;Indonesia;18/03/2021;1443853;6570;5733
IDN;Asia;Indonesia;19/03/2021;1450132;6279;5714
IDN;Asia;Indonesia;20/03/2021;1455788;5656;5863.857
IDN;Asia;Indonesia;21/03/2021;1460184;4396;5818.429
IDN;Asia;Indonesia;22/03/2021;1465928;5744;5840.571
IDN;Asia;Indonesia;23/03/2021;1471225;5297;5823.857
IDN;Asia;Indonesia;24/03/2021;1476452;5227;5595.571
IDN;Asia;Indonesia;25/03/2021;1482559;6107;5529.429
IDN;Asia;Indonesia;26/03/2021;1487541;4982;5344.143
IDN;Asia;Indonesia;27/03/2021;1492002;4461;5173.429
IDN;Asia;Indonesia;28/03/2021;1496085;4083;5128.714
IDN;Asia;Indonesia;29/03/2021;1501093;5008;5023.571
IDN;Asia;Indonesia;30/03/2021;1505775;4682;4935.714
IDN;Asia;Indonesia;31/03/2021;1511712;5937;5037.143
IDN;Asia;Indonesia;01/04/2021;1517854;6142;5042.143
IDN;Asia;Indonesia;02/04/2021;1523179;5325;5091.143
IDN;Asia;Indonesia;03/04/2021;1527524;4345;5074.571
IDN;Asia;Indonesia;04/04/2021;1534255;6731;5452.857
IDN;Asia;Indonesia;05/04/2021;1537967;3712;5267.714
IDN;Asia;Indonesia;06/04/2021;1542516;4549;5248.714
IDN;Asia;Indonesia;07/04/2021;1547376;4860;5094.857
IDN;Asia;Indonesia;08/04/2021;1552880;5504;5003.714
IDN;Asia;Indonesia;09/04/2021;1558145;5265;4995.143
IDN;Asia;Indonesia;10/04/2021;1562868;4723;5049.143
IDN;Asia;Indonesia;11/04/2021;1566995;4127;4677.143
IDN;Asia;Indonesia;12/04/2021;1571824;4829;4836.714
IDN;Asia;Indonesia;13/04/2021;1577526;5702;5001.429
IDN;Asia;Indonesia;14/04/2021;1583182;5656;5115.143
IDN;Asia;Indonesia;15/04/2021;1589359;6177;5211.286
IDN;Asia;Indonesia;16/04/2021;1594722;5363;5225.286
IDN;Asia;Indonesia;17/04/2021;1599763;5041;5270.714
IDN;Asia;Indonesia;18/04/2021;1604348;4585;5336.143
IDN;Asia;Indonesia;19/04/2021;1609300;4952;5353.714
IDN;Asia;Indonesia;20/04/2021;1614849;5549;5331.857
IDN;Asia;Indonesia;21/04/2021;1620569;5720;5341
IDN;Asia;Indonesia;22/04/2021;1626812;6243;5350.429
IDN;Asia;Indonesia;23/04/2021;1632248;5436;5360.857
IDN;Asia;Indonesia;24/04/2021;1636792;4544;5289.857
IDN;Asia;Indonesia;25/04/2021;1641194;4402;5263.714
IDN;Asia;Indonesia;26/04/2021;1647138;5944;5405.429
IDN;Asia;Indonesia;27/04/2021;1651794;4656;5277.857
IDN;Asia;Indonesia;28/04/2021;1657035;5241;5209.429
IDN;Asia;Indonesia;29/04/2021;1662868;5833;5150.857
IDN;Asia;Indonesia;30/04/2021;1668368;5500;5160
IDN;Asia;Indonesia;01/05/2021;1672880;4512;5155.429
IDN;Asia;Indonesia;02/05/2021;1677274;4394;5154.286
IDN;Asia;Indonesia;03/05/2021;1682004;4730;4980.857
IDN;Asia;Indonesia;04/05/2021;1686373;4369;4939.857
IDN;Asia;Indonesia;05/05/2021;1691658;5285;4946.143
IDN;Asia;Indonesia;06/05/2021;1697305;5647;4919.571
IDN;Asia;Indonesia;07/05/2021;1703632;6327;5037.714
IDN;Asia;Indonesia;08/05/2021;1709762;6130;5268.857
IDN;Asia;Indonesia;09/05/2021;1713684;3922;5201.429
IDN;Asia;Indonesia;10/05/2021;1718575;4891;5224.429
IDN;Asia;Indonesia;11/05/2021;1723596;5021;5317.571
IDN;Asia;Indonesia;12/05/2021;1728204;4608;5220.857
IDN;Asia;Indonesia;13/05/2021;1731652;3448;4906.714
IDN;Asia;Indonesia;14/05/2021;1734285;2633;4379
IDN;Asia;Indonesia;15/05/2021;1736670;2385;3844
IDN;Asia;Indonesia;16/05/2021;1739750;3080;3723.714
IDN;Asia;Indonesia;17/05/2021;1744045;4295;3638.571
IDN;Asia;Indonesia;18/05/2021;1748230;4185;3519.143
IDN;Asia;Indonesia;19/05/2021;1753101;4871;3556.714
IDN;Asia;Indonesia;20/05/2021;1758898;5797;3892.286
IDN;Asia;Indonesia;21/05/2021;1764644;5746;4337
IDN;Asia;Indonesia;22/05/2021;1769940;5296;4752.857
IDN;Asia;Indonesia;23/05/2021;1775220;5280;5067.143
IDN;Asia;Indonesia;24/05/2021;1781127;5907;5297.429
IDN;Asia;Indonesia;25/05/2021;1786187;5060;5422.429
IDN;Asia;Indonesia;26/05/2021;1791221;5034;5445.714
IDN;Asia;Indonesia;27/05/2021;1797499;6278;5514.429
IDN;Asia;Indonesia;28/05/2021;1803361;5862;5531
IDN;Asia;Indonesia;29/05/2021;1809926;6565;5712.286
IDN;Asia;Indonesia;30/05/2021;1816041;6115;5831.571
IDN;Asia;Indonesia;31/05/2021;1821703;5662;5796.571
IDN;Asia;Indonesia;01/06/2021;1826527;4824;5762.857
IDN;Asia;Indonesia;02/06/2021;1831773;5246;5793.143
IDN;Asia;Indonesia;03/06/2021;1837126;5353;5661
IDN;Asia;Indonesia;04/06/2021;1843612;6486;5750.143
IDN;Asia;Indonesia;05/06/2021;1850206;6594;5754.286
IDN;Asia;Indonesia;06/06/2021;1856038;5832;5713.857
IDN;Asia;Indonesia;07/06/2021;1863031;6993;5904
IDN;Asia;Indonesia;08/06/2021;1869325;6294;6114
IDN;Asia;Indonesia;09/06/2021;1877050;7725;6468.143
IDN;Asia;Indonesia;10/06/2021;1885942;8892;6973.714
IDN;Asia;Indonesia;11/06/2021;1894025;8083;7201.857
IDN;Asia;Indonesia;12/06/2021;1901490;7465;7326.286
IDN;Asia;Indonesia;13/06/2021;1911358;9868;7902.857
IDN;Asia;Indonesia;14/06/2021;1919547;8189;8073.714
IDN;Asia;Indonesia;15/06/2021;1927708;8161;8340.429
IDN;Asia;Indonesia;16/06/2021;1937652;9944;8657.429
IDN;Asia;Indonesia;17/06/2021;1950276;12624;9190.571
IDN;Asia;Indonesia;18/06/2021;1963266;12990;9891.571
IDN;Asia;Indonesia;19/06/2021;1976172;12906;10668.857
IDN;Asia;Indonesia;20/06/2021;1989909;13737;11221.571
IDN;Asia;Indonesia;21/06/2021;2004445;14536;12128.286
IDN;Asia;Indonesia;22/06/2021;2018113;13668;12915
IDN;Asia;Indonesia;23/06/2021;2033421;15308;13681.286
IDN;Asia;Indonesia;24/06/2021;2053995;20574;14817
IDN;Asia;Indonesia;25/06/2021;2072867;18872;15657.286
IDN;Asia;Indonesia;26/06/2021;2093962;21095;16827.143
IDN;Asia;Indonesia;27/06/2021;2115304;21342;17913.571
IDN;Asia;Indonesia;28/06/2021;2135998;20694;18793.286
IDN;Asia;Indonesia;29/06/2021;2156465;20467;19764.571
IDN;Asia;Indonesia;30/06/2021;2178272;21807;20693
IDN;Asia;Indonesia;01/07/2021;2203108;24836;21301.857
IDN;Asia;Indonesia;02/07/2021;2228938;25830;22295.857
IDN;Asia;Indonesia;03/07/2021;2256851;27913;23269.857
IDN;Asia;Indonesia;04/07/2021;2284084;27233;24111.429
IDN;Asia;Indonesia;05/07/2021;2313829;29745;25404.429
IDN;Asia;Indonesia;06/07/2021;2345018;31189;26936.143
IDN;Asia;Indonesia;07/07/2021;2379397;34379;28732.143
IDN;Asia;Indonesia;08/07/2021;2417788;38391;30668.571
IDN;Asia;Indonesia;09/07/2021;2455912;38124;32424.857
IDN;Asia;Indonesia;10/07/2021;2491006;35094;33450.714
IDN;Asia;Indonesia;11/07/2021;2527203;36197;34731.286
IDN;Asia;Indonesia;12/07/2021;2567630;40427;36257.286
IDN;Asia;Indonesia;13/07/2021;2615529;47899;38644.429
IDN;Asia;Indonesia;14/07/2021;2670046;54517;41521.286
IDN;Asia;Indonesia;15/07/2021;2726803;56757;44145
IDN;Asia;Indonesia;16/07/2021;2780803;54000;46413
IDN;Asia;Indonesia;17/07/2021;2832755;51952;48821.286
IDN;Asia;Indonesia;18/07/2021;2877476;44721;50039
IDN;Asia;Indonesia;19/07/2021;2911733;34257;49157.571
IDN;Asia;Indonesia;20/07/2021;2950058;38325;47789.857
IDN;Asia;Indonesia;21/07/2021;2983830;33772;44826.286
IDN;Asia;Indonesia;22/07/2021;3033339;49509;43790.857
IDN;Asia;Indonesia;23/07/2021;3082410;49071;43086.714
IDN;Asia;Indonesia;24/07/2021;3127826;45416;42153
IDN;Asia;Indonesia;25/07/2021;3166505;38679;41289.857
IDN;Asia;Indonesia;26/07/2021;3194733;28228;40428.571
IDN;Asia;Indonesia;27/07/2021;3239936;45203;41411.143
IDN;Asia;Indonesia;28/07/2021;3287727;47791;43413.857
IDN;Asia;Indonesia;29/07/2021;3331206;43479;42552.429
IDN;Asia;Indonesia;30/07/2021;3372374;41168;41423.429
IDN;Asia;Indonesia;31/07/2021;3409658;37284;40261.714
IDN;Asia;Indonesia;01/08/2021;3440396;30738;39127.286
IDN;Asia;Indonesia;02/08/2021;3462800;22404;38295.286
IDN;Asia;Indonesia;03/08/2021;3496700;33900;36680.571
IDN;Asia;Indonesia;04/08/2021;3532567;35867;34977.143
IDN;Asia;Indonesia;05/08/2021;3568331;35764;33875
IDN;Asia;Indonesia;06/08/2021;3607863;39532;33641.286
IDN;Asia;Indonesia;07/08/2021;3639616;31753;32851.143
IDN;Asia;Indonesia;08/08/2021;3666031;26415;32233.571
IDN;Asia;Indonesia;09/08/2021;3686740;20709;31991.429
IDN;Asia;Indonesia;10/08/2021;3718821;32081;31731.571
IDN;Asia;Indonesia;11/08/2021;3749446;30625;30982.714
IDN;Asia;Indonesia;12/08/2021;3774155;24709;29403.429
IDN;Asia;Indonesia;13/08/2021;3804943;30788;28154.286
IDN;Asia;Indonesia;14/08/2021;3833541;28598;27703.571
IDN;Asia;Indonesia;15/08/2021;3854354;20813;26903.286
IDN;Asia;Indonesia;16/08/2021;3871738;17384;26428.286
IDN;Asia;Indonesia;17/08/2021;3892479;20741;24808.286
IDN;Asia;Indonesia;18/08/2021;3908247;15768;22685.857
IDN;Asia;Indonesia;19/08/2021;3930300;22053;22306.429
IDN;Asia;Indonesia;20/08/2021;3950304;20004;20765.857
IDN;Asia;Indonesia;21/08/2021;3967048;16744;19072.429
IDN;Asia;Indonesia;22/08/2021;3979456;12408;17871.714
IDN;Asia;Indonesia;23/08/2021;3989060;9604;16760.286
IDN;Asia;Indonesia;24/08/2021;4008166;19106;16526.714
IDN;Asia;Indonesia;25/08/2021;4026837;18671;16941.429
IDN;Asia;Indonesia;26/08/2021;4043736;16899;16205.143
IDN;Asia;Indonesia;27/08/2021;4056354;12618;15150
IDN;Asia;Indonesia;28/08/2021;4066404;10050;14193.714
IDN;Asia;Indonesia;29/08/2021;4073831;7427;13482.143
IDN;Asia;Indonesia;30/08/2021;4079267;5436;12886.714
IDN;Asia;Indonesia;31/08/2021;4089801;10534;11662.143
IDN;Asia;Indonesia;01/09/2021;4100138;10337;10471.571
IDN;Asia;Indonesia;02/09/2021;4100138;0;8057.429
IDN;Asia;Indonesia;03/09/2021;4116890;16752;8648
IDN;Asia;Indonesia;04/09/2021;4123617;6727;8173.286
IDN;Asia;Indonesia;05/09/2021;4129020;5403;7884.143
IDN;Asia;Indonesia;06/09/2021;4133433;4413;7738
IDN;Asia;Indonesia;07/09/2021;4140634;7201;7261.857
IDN;Asia;Indonesia;08/09/2021;4147365;6731;6746.714
IDN;Asia;Indonesia;09/09/2021;4153355;5990;7602.429
IDN;Asia;Indonesia;10/09/2021;4158731;5376;5977.286
IDN;Asia;Indonesia;11/09/2021;4163732;5001;5730.714
IDN;Asia;Indonesia;12/09/2021;4167511;3779;5498.714
IDN;Asia;Indonesia;13/09/2021;4170088;2577;5236.429
IDN;Asia;Indonesia;14/09/2021;4174216;4128;4797.429
IDN;Asia;Indonesia;15/09/2021;4178164;3948;4399.857
IDN;Asia;Indonesia;16/09/2021;4181309;3145;3993.429
IDN;Asia;Indonesia;17/09/2021;4185144;3835;3773.286
IDN;Asia;Indonesia;18/09/2021;4188529;3385;3542.429
IDN;Asia;Indonesia;19/09/2021;4190763;2234;3321.714
IDN;Asia;Indonesia;20/09/2021;4192695;1932;3229.571
IDN;Asia;Indonesia;21/09/2021;4195958;3263;3106
IDN;Asia;Indonesia;22/09/2021;4198678;2720;2930.571
IDN;Asia;Indonesia;23/09/2021;4201559;2881;2892.857
IDN;Asia;Indonesia;24/09/2021;4204116;2557;2710.286
IDN;Asia;Indonesia;25/09/2021;4206253;2137;2532
IDN;Asia;Indonesia;26/09/2021;4208013;1760;2464.286
IDN;Asia;Indonesia;27/09/2021;4209403;1390;2386.857
IDN;Asia;Indonesia;28/09/2021;4211460;2057;2214.571
IDN;Asia;Indonesia;29/09/2021;4213414;1954;2105.143
IDN;Asia;Indonesia;30/09/2021;4215104;1690;1935
IDN;Asia;Indonesia;01/10/2021;4216728;1624;1801.714
IDN;Asia;Indonesia;02/10/2021;4218142;1414;1698.429
IDN;Asia;Indonesia;03/10/2021;4219284;1142;1610.143
IDN;Asia;Indonesia;04/10/2021;4220206;922;1543.286
IDN;Asia;Indonesia;05/10/2021;4221610;1404;1450
IDN;Asia;Indonesia;06/10/2021;4223094;1484;1382.857
IDN;Asia;Indonesia;07/10/2021;4224487;1393;1340.429
IDN;Asia;Indonesia;08/10/2021;4225871;1384;1306.143
IDN;Asia;Indonesia;09/10/2021;4227038;1167;1270.857
IDN;Asia;Indonesia;10/10/2021;4227932;894;1235.429
IDN;Asia;Indonesia;11/10/2021;4228552;620;1192.286
IDN;Asia;Indonesia;12/10/2021;4229813;1261;1171.857
IDN;Asia;Indonesia;13/10/2021;4231046;1233;1136
IDN;Asia;Indonesia;14/10/2021;4232099;1053;1087.429
IDN;Asia;Indonesia;15/10/2021;4233014;915;1020.429
IDN;Asia;Indonesia;16/10/2021;4234011;997;996.143
IDN;Asia;Indonesia;17/10/2021;4234758;747;975.143
IDN;Asia;Indonesia;18/10/2021;4235384;626;976
IDN;Asia;Indonesia;19/10/2021;4236287;903;924.857
IDN;Asia;Indonesia;20/10/2021;4237201;914;879.286
IDN;Asia;Indonesia;21/10/2021;4237834;633;819.286
IDN;Asia;Indonesia;22/10/2021;4238594;760;797.143
IDN;Asia;Indonesia;23/10/2021;4239396;802;769.286
IDN;Asia;Indonesia;24/10/2021;4240019;623;751.571
IDN;Asia;Indonesia;25/10/2021;4240479;460;727.857
IDN;Asia;Indonesia;26/10/2021;4241090;611;686.143
IDN;Asia;Indonesia;27/10/2021;4241809;719;658.286
IDN;Asia;Indonesia;28/10/2021;4242532;723;671.143
IDN;Asia;Indonesia;29/10/2021;4243215;683;660.143
IDN;Asia;Indonesia;30/10/2021;4243835;620;634.143
IDN;Asia;Indonesia;31/10/2021;4244358;523;619.857
IDN;Asia;Indonesia;01/11/2021;4244761;403;611.714
IDN;Asia;Indonesia;02/11/2021;4245373;612;611.857
IDN;Asia;Indonesia;03/11/2021;4246174;801;623.571
IDN;Asia;Indonesia;04/11/2021;4246802;628;610
IDN;Asia;Indonesia;05/11/2021;4247320;518;586.429
IDN;Asia;Indonesia;06/11/2021;4247721;401;555.143
IDN;Asia;Indonesia;07/11/2021;4248165;444;543.857
IDN;Asia;Indonesia;08/11/2021;4248409;244;521.143
IDN;Asia;Indonesia;09/11/2021;4248843;434;495.714
IDN;Asia;Indonesia;10/11/2021;4249323;480;449.857
IDN;Asia;Indonesia;11/11/2021;4249758;435;422.286
